protein, P, humanf, swinef, deltaf
HA_H3,0.0005,0.422413370036,0.188734924301,0.233678445735
