protein, P, humanf, swinef, deltaf
HA_H3,0.0001,0.423709177239,0.260147862647,0.163561314592
