protein, P, humanf, swinef, deltaf
M1,0.6091,0.775858532823,0.858412957043,-0.0825544242195
NP,0.149,1.05854041998,0.837339235259,0.221201184724
