site,avemutation
1,0
2,0
3,0
4,0
5,0.00037037037037
6,0
7,0
8,0
9,0
10,0
11,0
12,0
13,0
14,0
15,0.0062962962963
16,0
17,0
18,0
19,0
20,0
21,0
22,0
23,0
24,0
25,0
26,0
27,0.000740740740741
28,0
29,0
30,0.000740740740741
31,0
32,0
33,0
34,0
35,0
36,0
37,0
38,0
39,0
40,0
41,0
42,0
43,0
44,0
45,0
46,0
47,0
48,0
49,0
50,0
51,0
52,0
53,0
54,0
55,0
56,0
57,0
58,0
59,0
60,0
61,0
62,0
63,0
64,0
65,0
66,0
67,0
68,0
69,0
70,0
71,0
72,0
73,0
74,0
75,0
76,0
77,0
78,0
79,0
80,0
81,0
82,0
83,0
84,0
85,0
86,0
87,0
88,0
89,0
90,0
91,0
92,0
93,0
94,0
95,2.10259259259
96,0
97,0
98,0.00037037037037
99,0
100,0
101,0.00148148148148
102,0
103,0
104,0
105,0
106,0
107,0.000740740740741
108,0
109,0
110,0
111,0
112,0.00037037037037
113,0
114,0
115,0.874074074074
116,0
117,0.00222222222222
118,0.00037037037037
119,0
120,0
121,0
122,0
123,0
124,0
125,0
126,0
127,0
128,0
129,0
130,0
131,0
132,0
133,0
134,0
135,0
136,0
137,0.873703703704
138,0
139,0
140,0
141,0
142,0
143,0
144,0
145,0
146,0
147,0.00222222222222
148,0
149,0
150,0
151,0
152,0
153,0
154,0
155,0
156,0
157,0
158,0
159,0
160,0
161,0
162,0
163,0
164,0
165,0
166,0.000740740740741
167,1.00185185185
168,0
169,0
170,0
171,0
172,0
173,0
174,1.00074074074
175,0
176,0
177,0
178,0
179,0
180,0
181,0
182,0
183,0
184,0
185,0
186,0
187,0
188,0
189,0
190,0
191,0
192,0
193,0
194,0
195,0
196,0
197,0
198,0
199,0
200,0
201,0
202,0
203,0
204,0.00333333333333
205,1.01222222222
206,0
207,0
208,0
209,0
210,0
211,0
212,0
213,0
214,0
215,0
216,0.000740740740741
217,0.00037037037037
218,1.04666666667
219,1.99851851852
220,0
221,0
222,0
223,0
224,0.000740740740741
225,0
226,0
227,1.00037037037
228,0
229,0
230,1.0
231,0.0118518518519
232,0
233,0
234,0.111481481481
235,0
236,0
237,0
238,0
239,1.00037037037
240,0
241,0
242,0
243,0
244,0
245,0
246,0
247,0
248,0
249,0
250,0
251,0
252,0
