protein, P, humanf, swinef, deltaf
M1,0.6115,0.790081614735,0.876561152158,-0.0864795374231
NP,0.2817,0.993547278814,0.876061818814,0.11748546
