protein, P, humanf, swinef, deltaf
M1,0.501,0.681517893483,0.549960159363,0.13155773412
NP,0.0095,1.41088911323,0.464758135931,0.946130977303
